date,policy_rate,unemployment_rate,high_yield_spread,financial_stress,regime_prob_stress,systemic_risk_index
2021-10-31,2.25,4.5,4.03,1.018500677407605,0.999999674929322,0.999999674929322
2021-11-30,2.25,4.1,4.03,1.018500677407605,0.9999999828837665,0.9999999828837665
2021-12-31,2.25,3.9,4.03,1.018500677407605,0.9999999828838597,0.9999999828838597
2022-01-31,2.25,4.0,4.03,1.018500677407605,0.9999999828838597,0.9999999828838597
2022-02-28,2.25,3.9,4.03,1.018500677407605,0.9999999828838597,0.9999999828838597
2022-03-31,2.25,3.7,4.03,1.018500677407605,0.9999999828838597,0.9999999828838597
2022-04-30,2.25,3.7,4.03,1.018500677407605,0.9999999828838597,0.9999999828838597
2022-05-31,2.25,3.6,4.03,1.018500677407605,0.9999999828838597,0.9999999828838597
2022-06-30,2.25,3.6,4.03,1.018500677407605,0.9999999828838597,0.9999999828838597
2022-07-31,2.25,3.5,4.03,1.018500677407605,0.9999999828838597,0.9999999828838597
2022-08-31,2.25,3.6,4.03,1.018500677407605,0.9999999828838597,0.9999999828838597
2022-09-30,2.25,3.5,4.03,1.018500677407605,0.9999999828838597,0.9999999828838597
2022-10-31,2.25,3.6,4.03,1.018500677407605,0.9999999828838597,0.9999999828838597
2022-11-30,2.25,3.6,4.03,1.018500677407605,0.9999999828838597,0.9999999828838597
2022-12-31,2.25,3.5,4.03,1.018500677407605,0.9999999828838597,0.9999999828838597
2023-01-31,2.25,3.5,4.03,1.018500677407605,0.9999999828838597,0.9999999828838597
2023-02-28,2.25,3.6,4.03,1.018500677407605,0.9999999828838597,0.9999999828838597
2023-03-31,2.25,3.5,4.03,1.018500677407605,0.9999999828838597,0.9999999828838597
2023-04-30,2.25,3.4,4.03,1.018500677407605,0.9999999828838597,0.9999999828838597
2023-05-31,2.25,3.6,4.03,1.018500677407605,0.9999999828838597,0.9999999828838597
2023-06-30,2.25,3.6,4.03,1.018500677407605,0.9999999828838597,0.9999999828838597
2023-07-31,2.25,3.5,4.03,1.018500677407605,0.9999999828838597,0.9999999828838597
2023-08-31,2.25,3.7,4.03,1.018500677407605,0.9999999828838597,0.9999999828838597
2023-09-30,2.25,3.7,4.03,1.018500677407605,0.9999999828838597,0.9999999828838597
2023-10-31,2.25,3.9,4.42,1.7337742623817323,0.999999999999718,0.999999999999718
2023-11-30,2.25,3.7,3.84,0.6700340590868755,0.9999963371022514,0.9999963371022514
2023-12-31,2.25,3.8,3.39,-0.15528161588327136,0.452211168536491,0.452211168536491
2024-01-31,2.25,3.7,3.59,0.21152535077012696,0.9172947707335425,0.9172947707335425
2024-02-29,2.25,3.9,3.29,-0.3386850992099709,0.018595718719188976,0.018595718719188976
2024-03-31,2.25,3.9,3.15,-0.5954499758673503,3.791883478988404e-06,3.791883478988404e-06
2024-04-30,2.25,3.9,3.18,-0.5404289308693401,6.513507194139556e-06,6.513507194139556e-06
2024-05-31,2.25,3.9,3.2,-0.5037482342040002,1.1458890476402167e-05,1.1458890476402167e-05
2024-06-30,2.25,4.1,3.21,-0.4854078858713306,1.5199710854793324e-05,1.5199710854793324e-05
2024-07-31,2.25,4.2,3.25,-0.41204649254065073,4.703998048337763e-05,4.703998048337763e-05
2024-08-31,2.25,4.2,3.17,-0.5587692792020104,4.91493043214683e-06,4.91493043214683e-06
2024-09-30,2.25,4.1,3.03,-0.8155341558593898,9.419354123301246e-08,9.419354123301246e-08
2024-10-31,2.25,4.1,2.88,-1.0906393808494388,1.361995671290339e-09,1.361995671290339e-09
2024-11-30,2.25,4.2,2.74,-1.3474042575068172,2.6122990283052963e-11,2.6122990283052963e-11
2024-12-31,2.25,4.1,2.92,-1.017277987518759,4.214924797822408e-09,4.214924797822408e-09
2025-01-31,2.25,4.0,2.68,-1.457446347502837,4.798445806284952e-12,4.798445806284952e-12
2025-02-28,2.25,4.2,2.87,-1.1089797291821082,1.0268836360302833e-09,1.0268836360302833e-09
2025-03-31,2.25,4.2,3.55,0.13816395743944715,0.18360155304705073,0.18360155304705073
2025-04-30,2.25,4.2,3.94,0.8534375424135751,0.9999859365280329,0.9999859365280329
2025-05-31,2.25,4.3,3.32,-0.28366405421196145,0.10258112210296995,0.10258112210296995
2025-06-30,2.25,4.1,2.96,-0.943916594188079,4.1095968929149896e-08,4.1095968929149896e-08
2025-07-31,2.25,4.3,2.86,-1.1273200775147787,7.742261780166128e-10,7.742261780166128e-10
2025-08-31,2.25,4.3,2.84,-1.1640007741801186,4.4010882870002296e-10,4.4010882870002296e-10
2025-09-30,2.25,4.4,2.8,-1.2373621675107984,1.4221493245223502e-10,1.4221493245223502e-10
2025-10-31,2.25,4.4,2.94,-0.980597290853419,7.414762918329672e-09,7.414762918329672e-09
2025-11-30,2.25,4.5,2.92,-1.017277987518759,4.21492538752737e-09,4.21492538752737e-09
2025-12-31,2.25,4.4,2.81,-1.2190218191781281,1.8862486852076638e-10,1.8862486852076638e-10
2026-01-31,2.25,4.3,2.88,-1.0906393808494388,1.3619932468806868e-09,1.3619932468806868e-09
2026-02-28,2.25,4.4,3.12,-0.6504710208653598,1.1963650501438111e-06,1.1963650501438111e-06
2026-03-31,2.25,4.3,3.28,-0.35702544754264126,0.00010972003201196087,0.00010972003201196087
2026-04-30,2.25,4.3,2.83,-1.1823411225127882,3.325123737893936e-10,3.325123737893936e-10
2026-05-31,2.25,4.3,2.74,-1.3474042575068172,2.6122989773812806e-11,2.6122989773812806e-11
2026-06-30,2.25,4.2,2.75,-1.3290639091741479,3.4647874494485745e-11,3.4647874494485745e-11
2026-07-31,2.25,4.1,2.85,-1.1456604258474483,5.837323930225674e-10,5.837323930225674e-10
2026-08-31,2.25,4.1,2.63,-1.5491480891661873,1.1690469843946291e-12,1.1690469843946291e-12
2026-09-30,2.25,4.1,2.93,-0.9989376391860886,5.590408572746132e-09,5.590408572746132e-09
